,k_neighbors,lr,error
0,8,0.001,-0.35663956639566446
1,8,0.0001,-0.3983739837398378
