,k_neighbors,lr,batch_size,start_epsilon,error
0,20,0.001,32,0.4,-0.3360433604336046
1,20,0.0001,32,0.4,-0.3620596205962062
